<?xml version='1.0' encoding='utf-8' standalone='yes' ?>
<map>
    <long name="IME_ONLINE_00000U_fot" value="1544753156675" />
    <long name="IME_ONLINE_00000U_lpt" value="1544753156645" />
    <boolean name="IME_ONLINE_PIN_SKIN_Allversion_already_parse" value="true" />
    <long name="strategy_fot" value="1544753156495" />
    <long name="IME_ONLINE_PIN_SKIN_Allversion_fot" value="1544753938040" />
    <long name="strategy_lpt" value="1544753156450" />
    <long name="IME_ONLINE_PIN_SKIN_Allversion_lpt" value="1544753938034" />
    <boolean name="IME_ONLINE_00000U_already_parse" value="true" />
    <boolean name="strategy_already_parse" value="true" />
</map>