<?xml version='1.0' encoding='utf-8' standalone='yes' ?>
<map>
    <boolean name="burmese" value="false" />
    <boolean name="SYS_USER_DIC_IMPORTED" value="true" />
    <boolean name="PINYINVAGUE_N_R" value="false" />
    <int name="PRODUCT_TYPE" value="1" />
    <boolean name="FIRST_CHS_MORE" value="true" />
    <string name="LANGUAGE_JUST_INSTALLED"></string>
    <boolean name="urdu" value="false" />
    <int name="AUTO_REBUILD_NEXT_CHECK_TIME" value="25754590" />
    <boolean name="HAS_DOWNLOAD_LIMITATION" value="true" />
    <long name="RECORD_TIME_STAMP_MISSIONSTATE_external_language_time_stamp" value="1545160497000" />
    <boolean name="PINYINVAGUE_F_H" value="false" />
    <boolean name="APPLY_SYSTEM_VIBRATE" value="true" />
    <boolean name="FUNCTIONBAR" value="true" />
    <int name="KEYBOARD_SUBTYPE_P" value="2" />
    <boolean name="USER_DICT_REPORT_ENABLE" value="false" />
    <int name="BALLOON_TOAST_CHECK_TIME" value="25753930" />
    <boolean name="hindi" value="false" />
    <int name="LANGUAGE_SWITCHING_MODE" value="0" />
    <boolean name="LONG_PRESS_COMMA_TIP_SHOWN" value="true" />
    <boolean name="AUTO_ADJUST_WORD_PRIORITY" value="true" />
    <string name="REFERRER"></string>
    <int name="TRAD_SIMP_CONVERT_STRATEGY" value="0" />
    <int name="LAST_PRODUCT_TYPE" value="1" />
    <boolean name="BACKWARD_CORRECTION" value="true" />
    <int name="ADS_PLUGIN_NEXT_CHECK_TIME" value="25753930" />
    <int name="KEYBOARD_SUBTYPE_L_SUBTYPE_thai" value="2" />
    <long name="EXTRACT_ASSETS_COST" value="0" />
    <int name="KEYBOARD_MARGIN_COMPLETEDICTIONARY_left" value="0" />
    <boolean name="SHOW_LANG_FIRST_SETUP_DLG_LANGUAGE_english" value="false" />
    <boolean name="PINYINVAGUE_L_R" value="false" />
    <int name="NEED_CHANGE_KEYBOARD_BG" value="1" />
    <int name="SOUND" value="0" />
    <int name="CANDIDATE_SIZE" value="2" />
    <string name="CELL_DICTIONARY_CELLDICT_spanish"></string>
    <boolean name="TOUCH_CORRECT" value="true" />
    <boolean name="CURVE_DOWNLOAD_PROMPTED" value="false" />
    <long name="FIRST_INSTALL_TIME" value="1544753154429" />
    <int name="NEXT_CONTACT_IMPORT_TIME" value="25789508" />
    <boolean name="SHOW_DOUBLE_CLICK_SHIFT_TIPS" value="true" />
    <string name="CELL_DICTIONARY_CELLDICT_dutch"></string>
    <boolean name="CURVE_ENABLED_UI" value="true" />
    <int name="KEYBOARD_SUBTYPE_P_SUBTYPE_western" value="2" />
    <string name="CELL_DICTIONARY_CELLDICT_danish"></string>
    <int name="SCREEN_ORIENTATION" value="1" />
    <string name="CELL_DICTIONARY_CELLDICT_swedish"></string>
    <boolean name="PINYINVAGUE_ENABLED" value="false" />
    <boolean name="LAST_CHECK_IMAGE_RESULT" value="false" />
    <boolean name="V4_USRDICT_IMPORTED" value="true" />
    <boolean name="JIANPIN_SENTENCE_ENABLED" value="true" />
    <boolean name="CONTACT_IMPORTED" value="true" />
    <int name="FIRST_INSTALL_VERSION" value="5774" />
    <string name="CURRENT_LANGUAGE">english</string>
    <int name="PACKAGE_TYPE" value="1" />
    <long name="SKIN_FIRST_INSTALLED_TIME" value="0" />
    <boolean name="WAVE_ENABLE" value="false" />
    <boolean name="WAVE_WITHOUT_NEXT_WORD_ON_CANDIDATE" value="false" />
    <boolean name="CURVE_ENV_WORD" value="true" />
    <string name="MIX_LANGUAGE"></string>
    <boolean name="EMOJI_ENABLED" value="false" />
    <int name="PAOPAO_NEXT_QUERY_NEWS_TIME" value="0" />
    <boolean name="FIRST_SWITCH_LANGUAGE" value="false" />
    <int name="KEYBOARD_MARGIN_COMPLETEDICTIONARY_bottom" value="12" />
    <boolean name="french" value="false" />
    <boolean name="english" value="true" />
    <boolean name="HAS_ACTIVATE_EFFECTIVELY" value="true" />
    <long name="LAST_RECORD_OPEN_KEYBOARD_TIME" value="1545209941298" />
    <boolean name="FIRST_DEL_WIZARD" value="false" />
    <string name="CURRENT_LANG_BEFORE_UPDATE">thai</string>
    <boolean name="FORWARD_PREDICTION" value="true" />
    <string name="PREUSED_LANGUAGE">thai</string>
    <boolean name="COMMIT_ANIMATION_ENABLED" value="true" />
    <boolean name="SHOW_YAHOO_SEARCH" value="false" />
    <string name="STATISTIC_DATA">english_qwerty_total 304 thai_qwerty_total 64 english_qwerty_ocean 4 english_qwerty_oc_length 1#0#2#0#0#0#0#1#0#0#0#0#0#0#0#0#0#0#0#0#0#0#0#0#0#0#0#0#0#0#0#0#0#0#0#0#0#0#0#0#0#0#0#0#0#0#0#0#0#0#0#0#0#0#0#0#0#0#0#0#0#0#0#0 english_qwerty_oc_input 1#0#2#1#0#0#0#0#0#0#0#0#0#0#0#0#0#0#0#0#0#0#0#0#0#0#0#0#0#0#0#0#0#0#0#0#0#0#0#0#0#0#0#0#0#0#0#0#0#0#0#0#0#0#0#0#0#0#0#0#0#0#0#0 english_qwerty_oc_correct 4 english_qwerty_oc_correction_matrix_column2 0#0#0#0#1#0#0#0#0#0#0#0#1#0#2#5#0#0#0#1#0#0#0#0#0#0#0#0#0#0#0#0#0#0#0#0#0#0#0#0#0#0#0#0#0#0#0#0#0#0#0#0#0#0#0#0#0#0#0#0#0#0#0#0 english_qwerty_oc_mix 4 english_qwerty_oc_equal_length 3 thai_qwerty_ocean 11 thai_qwerty_oc_length 1#1#1#6#0#0#1#1#0#0#0#0#0#0#0#0#0#0#0#0#0#0#0#0#0#0#0#0#0#0#0#0#0#0#0#0#0#0#0#0#0#0#0#0#0#0#0#0#0#0#0#0#0#0#0#0#0#0#0#0#0#0#0#0 thai_qwerty_oc_input 2#1#0#6#1#0#1#0#0#0#0#0#0#0#0#0#0#0#0#0#0#0#0#0#0#0#0#0#0#0#0#0#0#0#0#0#0#0#0#0#0#0#0#0#0#0#0#0#0#0#0#0#0#0#0#0#0#0#0#0#0#0#0#0 thai_qwerty_oc_correct 11 thai_qwerty_oc_mix 11 thai_qwerty_oc_userword 4 thai_qwerty_oc_equal_length 9 english_qwerty_oc_correction_length 1#0#0#0#0#0#0#0#0#0#0#0#0#0#0#0#0#0#0#0#0#0#0#0#0#0#0#0#0#0#0#0#0#0#0#0#0#0#0#0#0#0#0#0#0#0#0#0#0#0#0#0#0#0#0#0#0#0#0#0#0#0#0#0 english_qwerty_oc_correction_matrix_column1 0#0#0#0#0#0#0#0#0#0#0#0#0#0#0#0#0#0#1#0#0#0#0#0#0#0#0#0#0#0#0#0#0#0#0#0#0#0#0#0#0#0#0#0#0#0#0#0#0#0#0#0#0#0#0#0#0#0#0#0#0#0#0#0 english_qwerty_oc_predict_length 0#0#0#1#0#0#0#0#0#0#0#0#0#0#0#0#0#0#0#0#0#0#0#0#0#0#0#0#0#0#0#0#0#0#0#0#0#0#0#0#0#0#0#0#0#0#0#0#0#0#0#0#0#0#0#0#0#0#0#0#0#0#0#0 thai_qwerty_oc_predict_length 0#1#1#0#0#0#0#0#0#0#0#0#0#0#0#0#0#0#0#0#0#0#0#0#0#0#0#0#0#0#0#0#0#0#0#0#0#0#0#0#0#0#0#0#0#0#0#0#0#0#0#0#0#0#0#0#0#0#0#0#0#0#0#0 thai_qwerty_oc_spell_check 1 english_qwerty_curve 1 </string>
    <boolean name="kazakh" value="false" />
    <string name="MOBIL_IDENTIFY_INFORMATION_CATEGORY_MOBILE_IDENTIFY_INFORMATION_android_id">8bc7d68098fa49ac</string>
    <boolean name="SHOW_CONTINUE_TO_ACTIVE_NOTIFICATION" value="false" />
    <boolean name="SHOW_LANGPACKS_ADDON" value="true" />
    <string name="ACTIVATE_IDENTIFIER">02:00:00:00:00:00##8bc7d68098fa49ac</string>
    <boolean name="AUTO_SAVE_USERWORD" value="false" />
    <boolean name="WUBI_AUTO_ADJUST_TIP_OCCURED" value="false" />
    <boolean name="FIRST_REQUEST_PERMISSION" value="false" />
    <int name="LANGUAGE_USED_TIMES_LANGUAGE_english" value="340" />
    <boolean name="FIRST_START_KEYBOARD" value="false" />
    <string name="CELL_DICTIONARY_CELLDICT_chinese"></string>
    <boolean name="SHOW_SWITCH_LANGUAGE_TIP" value="false" />
    <long name="SKIN_FIRST_INSTALLED_TIME_CATEGORY_SKIN_PACKAGE_NAME_com.cootek.smartinputv5.skin.defaultwhite" value="1544753149225" />
    <boolean name="UPDATE_OEM" value="false" />
    <boolean name="NEED_CHECK_IMPORTED_DATA" value="false" />
    <string name="CURRENT_LANGUAGE_CATEGORY_INPUT_TYPE_normal">english</string>
    <boolean name="PINYINVAGUE_IAN_IANG" value="false" />
    <int name="SYMBOL_KEYBOARD_LAYOUT" value="2" />
    <boolean name="WUBI_DISPLAYCODE" value="true" />
    <long name="LAST_ACTIVATED_TIME_IN_MILLIS" value="1545213304489" />
    <boolean name="PINYINVAGUE_UAN_UANG" value="false" />
    <string name="CELL_DICTIONARY_CELLDICT_italian"></string>
    <boolean name="tamil" value="false" />
    <boolean name="FIRST_START_INPUTMETHOD" value="false" />
    <boolean name="DISPLAY_EMOJI_BY_SYSTEM" value="true" />
    <int name="STATE_USAGE_CHECK_NEXT_TIME" value="25753991" />
    <boolean name="FIRST_REQUEST_PERMISSION_CATEGORY_FIRST_REQUEST_PERMISSION_android.permission.READ_PHONE_STATE" value="true" />
    <boolean name="FIRST_REQUEST_PERMISSION_CATEGORY_FIRST_REQUEST_PERMISSION_android.permission.READ_SMS" value="true" />
    <boolean name="ENV_WORD" value="true" />
    <boolean name="USERDATA_COLLECT_ENABLE" value="true" />
    <string name="USER_DIC_MD5_USER_DICT_western">46b74650bff4d469fc91bda325852536</string>
    <boolean name="PLUGIN_PINNED_CATEGORY_PLUGIN_PINNED_MORE_SKIN" value="true" />
    <long name="LAST_RECORD_USER_PATTERN_TIME" value="1545210568407" />
    <boolean name="thai" value="true" />
    <boolean name="AUTO_ADJUST_SPECIAL_KEYBOARD_SIZE" value="false" />
    <string name="ACCOUNT_INFO"></string>
    <int name="LAST_ACTIVE_STAT_TIME" value="1545209943" />
    <boolean name="chinese_zhuyin" value="false" />
    <string name="CELL_DICTIONARY_CELLDICT_polish"></string>
    <boolean name="ENABLE_YAHOO_SEARCH" value="true" />
    <int name="CURRENT_DICTIONARY_TIMESTAMP" value="20150701" />
    <string name="CUSTOM_SKIN_COLOR_SET">SKIN_COLOR_SET_BLACK</string>
    <boolean name="PINYINVAGUE_L_N" value="false" />
    <int name="AUTO_BACKUP_DICTIONARY_TIME" value="25753991" />
    <int name="CLOUD_SERVICE_SYNC_NEXT_TIME" value="25753869" />
    <boolean name="PINYINVAGUE_C_CH" value="false" />
    <boolean name="MIXLANGUAGE_INPUT" value="false" />
    <boolean name="laotian" value="false" />
    <boolean name="SHOW_WAVE_TIP_SLIDE_DOWN" value="false" />
    <boolean name="ADAPTIVE_LEARNING_ADTLEARNING_western" value="true" />
    <boolean name="SPACE_GET_NEXTWORD" value="false" />
    <boolean name="ERROR_PRONUNCIATION" value="true" />
    <string name="EMOJI_RECENT_RECODE">[{"tag":"u1f51c","time":1544753256570},{"tag":"u1f51b","time":1544753256570},{"tag":"u1f519","time":1544753256570},{"tag":"u1f51d","time":1544753256570},{"tag":"u1f3e3","time":1544753256570},{"tag":"u1f3e2","time":1544753256570},{"tag":"u1f3e1","time":1544753256570},{"tag":"u1f3e0","time":1544753256570},{"tag":"u1f45f","time":1544753256570},{"tag":"u1f45e","time":1544753256570},{"tag":"u1f484","time":1544753256570},{"tag":"u1f530","time":1544753256570},{"tag":"u1f42d","time":1544753256570},{"tag":"u1f431","time":1544753256570},{"tag":"u1f429","time":1544753256570},{"tag":"u1f436","time":1544753256570},{"tag":"u1f603","time":1544753256570},{"tag":"u1f602","time":1544753256570},{"tag":"u1f601","time":1544753256570},{"tag":"u1f60a","time":1544753256570}]</string>
    <boolean name="vietnam" value="false" />
    <boolean name="DICT_ERROR_ON_DAILY_BACKUP_OCCURRED" value="true" />
    <int name="MISTYPING_CORRECTION" value="4" />
    <boolean name="CLOUD_SERVICE_WIFI_ONLY" value="true" />
    <int name="GOODS_CHECK_NEXT_TIME" value="0" />
    <int name="CUSTOM_SKIN_ALPHA" value="255" />
    <int name="SMS_NEXT_IMPORT_TIME" value="25756388" />
    <boolean name="CLOUD_BACKUP_SYNC" value="true" />
    <boolean name="nepalitrad" value="false" />
    <string name="MOBIL_IDENTIFY_INFORMATION_CATEGORY_MOBILE_IDENTIFY_INFORMATION_macaddress">02:00:00:00:00:00</string>
    <boolean name="PINYINVAGUE_AN_ANG" value="false" />
    <string name="CELL_DICTIONARY_CELLDICT_english"></string>
    <boolean name="DOWNSLIDE_SYMBOLS" value="true" />
    <int name="PORTRAIT_KEYBOARD_SIZE" value="0" />
    <boolean name="DICTIONARY_COMPLETE" value="true" />
    <boolean name="telugu" value="false" />
    <boolean name="WUBI_COMMITWHENUNIQUE" value="false" />
    <boolean name="FIRST_KEYBOARD_SHOWN_OPEN_DRAWER" value="false" />
    <boolean name="STATISTIC_ENABLED" value="true" />
    <long name="STORE_UPDATE_TIMESTAMP_SKIN" value="1491397736" />
    <int name="CURRENT_EMOJI_INPUT_TYPE" value="1" />
    <int name="LANDSCAPE_SCREEN_MODE" value="0" />
    <boolean name="RATE_US_BUTTON_CLICKED" value="true" />
    <boolean name="CURVE_IN_TIME" value="true" />
    <boolean name="ACCESSIBILITY_ENABLED" value="false" />
    <int name="SPELL_CHECK" value="3" />
    <boolean name="KEYBOARD_NUMBER_ROW_STYLE" value="true" />
    <boolean name="CLOUD_ENABLED" value="true" />
    <long name="GUIDE_POINT_CLEAN_TIMESTAMP_CATEGORY_GUIDE_POINT_MORE_SKIN" value="1491397736" />
    <long name="ADS_PLUGIN_LAST_UPDATE_SUCCESS_TIME" value="1545131829910" />
    <boolean name="UPDATE_LIVE_WORDS" value="true" />
    <boolean name="PINYINVAGUE_IN_ING" value="false" />
    <boolean name="indonesian" value="false" />
    <boolean name="WUBI_Z_MODE_PROMPTED" value="true" />
    <boolean name="SUPER_DICT_ENABLED_UI" value="false" />
    <boolean name="REFERRER_UPLOADED" value="false" />
    <boolean name="PINYINVAGUE_EN_ENG" value="false" />
    <string name="CELL_DICTIONARY_CELLDICT_portuguese_br"></string>
    <int name="KEYBOARD_LAYOUT" value="1" />
    <int name="KEYBOARD_SUBTYPE_L" value="2" />
    <string name="ALREADY_OWN_PKGS_DOWNLOADLIMITATION_DOWNLOAD_SKIN">com.cootek.smartinputv5.skin.defaultwhite/com.cootek.smartinputv5.skin.droid/com.cootek.smartinputv5.skin.theme_free_neonblue/com.cootek.smartinputv5.skin.customise/</string>
    <boolean name="SHOW_INSTALL_INCOMPATIBLE_LANGUAGE" value="false" />
    <int name="PAOPAO_LAST_NEWS_ID" value="0" />
    <int name="SHUANGPIN_CONFIG" value="1" />
    <string name="SERVER_USER_TOKEN">5667916e-9bba-4443-880f-2d44b44f1a56</string>
    <boolean name="ENABLE_ONLY_FIRST_ROW_ALT_SLIDE_INPUT" value="true" />
    <string name="CELL_DICTIONARY_CELLDICT_russian"></string>
    <boolean name="GUIDE_POINT_SHOW_MORE_SKIN" value="true" />
    <string name="CELL_DICTIONARY_CELLDICT_french"></string>
    <boolean name="AUTO_GUIDE_POINT_SKIN_ENABLE" value="true" />
    <long name="GUIDE_POINT_CLEAN_TIMESTAMP_CATEGORY_GUIDE_POINT_LOGO_FUNC_BAR" value="1491397736" />
    <int name="PAOPAO_NEXT_QUERY_UPDATE_TIME" value="0" />
    <int name="LAST_ACTIVATION_SUCCESS_TIME" value="1544753931" />
    <boolean name="WESTERN_SENTENCE_ENABLED" value="true" />
    <string name="CELL_DICTIONARY_CELLDICT_portuguese_pt"></string>
    <int name="VIBRATE_TIME" value="10" />
    <boolean name="GUIDE_POINT_SHOW_LOGO_FUNC_BAR" value="true" />
    <boolean name="russian" value="false" />
    <boolean name="spanish" value="false" />
    <boolean name="swahili" value="false" />
    <string name="CELL_DICTIONARY_CELLDICT_turkish"></string>
    <string name="MIX_LANGUAGE_MIXINPUT_english"></string>
    <int name="SLIDE_INPUT_TIP_STATE" value="2" />
    <boolean name="WUBI_BIGCHARSET" value="false" />
    <int name="LAST_ACTIVATE_CONSUME_TIME" value="277" />
    <boolean name="PENDINGINPUT_FORWARD_PREDICTION" value="false" />
    <boolean name="PINYINVAGUE_S_SH" value="false" />
    <string name="LBS_NOTIFIED_LOCATION"></string>
    <boolean name="bengali" value="false" />
    <boolean name="BUILDIN_SKIN_UPDATE_CHECKED" value="false" />
    <int name="OPTION_PAGE_OPEN_TIMES" value="4" />
    <boolean name="CLIPBOARD_NOTIFICATION_SHOWN" value="false" />
    <string name="CELL_DICTIONARY_CELLDICT_finnish"></string>
    <boolean name="sinhala" value="false" />
    <boolean name="chinese_stroke" value="false" />
    <int name="PERF_DATA_NEXT_CHECK_TIME" value="25753991" />
    <int name="CURRENT_PERFORMANCE_MODE" value="3" />
    <int name="KEYBOARD_SUBTYPE_P_SUBTYPE_thai" value="2" />
    <boolean name="SUPPORT_AUTO_CHANGE_TITLE_CASE" value="true" />
    <boolean name="IS_FIRST_KEYBOARD_SHOW" value="true" />
    <boolean name="ANIMATION_EFFECT" value="true" />
    <boolean name="ADVANCED_VIBRATION" value="true" />
    <boolean name="arabic" value="false" />
    <int name="PREVIEW_LEVEL" value="0" />
    <int name="LANGUAGE_USED_TIMES_LANGUAGE_thai" value="828" />
    <boolean name="CURVE_ENABLED" value="true" />
    <int name="DICTIONARY_UPDATE_INTERVAL" value="0" />
    <long name="IME_CUR_VERSION_INSTALL_TIME" value="1544753154428" />
    <boolean name="USER_DICT_CHECK_STRICT_MODE" value="false" />
    <int name="FIRST_START_TIME" value="1544753930" />
    <boolean name="IS_SMARTINPUT_ACTIVATED" value="true" />
    <boolean name="AUTO_CORRECTION" value="true" />
    <string name="CURRENT_SMILEY_TAB"></string>
    <boolean name="LOCAL_CLOUD_SEARCH_ENABLED" value="false" />
    <boolean name="WORD_PREDICTION" value="true" />
    <boolean name="DEFUALT_SKIN_UPDATED" value="true" />
    <boolean name="SHOW_WRONG_UPDATE_DIALOG" value="true" />
    <boolean name="SHOW_CANDIDATE_ON_STARTINPUT" value="false" />
    <string name="USER_DIC_MD5"></string>
    <boolean name="BACKSPACE_TO_REPLACE_INLINE" value="false" />
    <int name="SPACE_LONG_PRESS_TIP_STATE" value="2" />
    <string name="STATISTIC_USAGE_CONFIG"></string>
    <boolean name="INVITE_SUCCEED" value="true" />
    <boolean name="PERMISSION_CONTACT_NOTIFICATION_SHOWN" value="true" />
    <string name="ADVERTISE_STRATEGY"></string>
    <boolean name="PLUGIN_PINNED_CATEGORY_PLUGIN_PINNED_PLUGIN_LANGUAGE" value="false" />
    <boolean name="SURFACE_SLIP" value="false" />
    <int name="RECOMMEND_VERSION_CODE" value="0" />
    <boolean name="malayan" value="false" />
    <string name="CURRENT_LANGUAGE_CATEGORY_INPUT_TYPE_special">english</string>
    <string name="SKIN">com.cootek.smartinputv5.skin.defaultwhite</string>
    <int name="DOMAIN_LOOKUP_NEXT_CHECK_TIME" value="25754110" />
    <string name="PRE_LOCALE_LANGUAGE">thai</string>
    <boolean name="englishgb" value="false" />
    <long name="NEXT_CHECK_REFERRER_UPLOADED_TIME" value="1545213212443" />
    <boolean name="DIAGNOSE_MODE_ENABLED" value="true" />
    <boolean name="FIRST_SHOW_KEYBOARD" value="false" />
    <int name="KEYBOARD_SUBTYPE_L_SUBTYPE_western" value="2" />
    <int name="KEYBOARD_HEIGHT_NORMAL" value="-1" />
    <string name="IFLY_VOICE_CHOSEN_LANGUAGE"></string>
    <string name="RECOMMEND_CHANNEL_CODE">OEM 014 ABN 003</string>
    <boolean name="FORBID_SIMPLE_CANDIDATE_STYLE" value="true" />
    <long name="APPSFLYER_NEXT_ACTIVE_TIME" value="1545219815076" />
    <boolean name="PLUGIN_PINNED" value="false" />
    <int name="CLOKE_ENABLE_MODE" value="0" />
    <string name="PREUSED_LANG_BEFORE_UPDATE">english</string>
    <string name="MOBIL_IDENTIFY_INFORMATION_CATEGORY_MOBILE_IDENTIFY_INFORMATION_imei"></string>
    <boolean name="PINYINVAGUE_Z_ZH" value="false" />
    <string name="ALREADY_OWN_PKGS_DOWNLOADLIMITATION_DOWNLOAD_LANGUAGE">cootek.smartinput.android.language.english/cootek.smartinput.android.language.englishgb/cootek.smartinput.android.language.pinyin/cootek.smartinput.android.language.pinyin/cootek.smartinput.android.language.zhuyin/cootek.smartinput.android.language.arabic/cootek.smartinput.android.language.bengali/cootek.smartinput.android.language.burmese/cootek.smartinput.android.language.french/cootek.smartinput.android.language.hindi/cootek.smartinput.android.language.indonesian/cootek.smartinput.android.language.kazakh/cootek.smartinput.android.language.khmer/cootek.smartinput.android.language.laotian/cootek.smartinput.android.language.malayan/cootek.smartinput.android.language.nepalitrad/cootek.smartinput.android.language.persian/cootek.smartinput.android.language.russian/cootek.smartinput.android.language.sinhala/cootek.smartinput.android.language.spanish/cootek.smartinput.android.language.swahili/cootek.smartinput.android.language.tagalog/cootek.smartinput.android.language.tamil/cootek.smartinput.android.language.telugu/cootek.smartinput.android.language.thai/cootek.smartinput.android.language.turkish/cootek.smartinput.android.language.urdu/cootek.smartinput.android.language.vietnam/cootek.smartinput.android.language.zawgyi/</string>
    <string name="MOBIL_IDENTIFY_INFORMATION_CATEGORY_MOBILE_IDENTIFY_INFORMATION_uuid">03bddb31-b1ac-4dd5-89e4-ea0e10780ce0</string>
    <boolean name="AUTO_CAPITALIZATION" value="true" />
    <int name="LONG_PRESS_DELAY" value="300" />
    <long name="RECORD_TIME_STAMP_MISSIONSTATE_emoji_plugin_packs_timestamp" value="1545160497000" />
    <boolean name="persian" value="false" />
    <int name="MANUALLY_ENTER_HANDWRITE_MASK_TIMES" value="0" />
    <string name="CELL_DICTIONARY_CELLDICT_german"></string>
    <int name="ACCOUNT_CHECK_NEXT_TIME" value="0" />
    <string name="MIX_LANGUAGE_MIXINPUT_chinese_pinyin">english</string>
    <boolean name="EMOJI_PREDICTION" value="true" />
    <boolean name="AUTO_REBUILD_ENABLED" value="false" />
    <boolean name="DYNAMIC_SPELL_CHECK_ENABLE" value="true" />
    <boolean name="APPLY_SYSTEM_VOLUME" value="false" />
    <boolean name="SHOW_LANG_FIRST_SETUP_DLG_LANGUAGE_thai" value="false" />
    <boolean name="turkish" value="false" />
    <string name="PRE_LOCALE">th_TH</string>
    <boolean name="tagalog" value="false" />
    <long name="NEXT_STATISTIC_WORD_PREDIC_STATUS_TIME" value="1545219810831" />
    <boolean name="AUTOSPACE_ENABLE" value="true" />
    <int name="OCEAN_LANGUAGE_STATUS" value="0" />
    <boolean name="INPUT_SPEED_BAR" value="false" />
    <string name="CELL_DICTIONARY"></string>
    <boolean name="CURVE_BACKWARD_CORRECTION" value="true" />
    <int name="DEVICE_TYPE" value="1" />
    <long name="LAST_AUTO_UPDATE_TIMESTAMP" value="1545210518263" />
    <string name="CURRENT_CHANNEL_CODE">OEM 014 ABN 003</string>
    <int name="VIP_RENEW_CHECK_NEXT_TIME" value="0" />
    <boolean name="AUTO_MERGING_WORD" value="false" />
    <boolean name="SHOW_PROMOTE_PINYIN_ADDONS" value="true" />
    <int name="CUSTOM_SKIN_SET_NUMBER" value="0" />
    <int name="MAX_CACHEINPUTSIZE" value="5" />
    <long name="USER_DIC_CURRENT_VERSION_USER_DICT_western" value="1545211605" />
    <boolean name="chinese_pinyin" value="false" />
    <int name="UI_MULTITHREADING_OPTIMIZE" value="-11" />
    <boolean name="PREDICT_NEXT_WORD_NEXTWORD_western" value="true" />
    <int name="HANDWRITE_RECOG_RANGE_RECOGRANGE_chinese_pinyin" value="261903" />
    <boolean name="FIRST_REQUEST_PERMISSION_CATEGORY_FIRST_REQUEST_PERMISSION_android.permission.WRITE_EXTERNAL_STORAGE" value="true" />
    <int name="KEYBOARD_LAYOUT_LAYOUT_english" value="1" />
    <boolean name="ONCE_CLEAR_CONTACT" value="false" />
    <boolean name="FIRST_REQUEST_PERMISSION_CATEGORY_FIRST_REQUEST_PERMISSION_android.permission.READ_CONTACTS" value="true" />
    <boolean name="KEYBOARD_SPLITTED" value="false" />
    <boolean name="PERMISSION_REQUEST_DIALOG_SHOWN" value="true" />
    <boolean name="USE_SYSTEM_DEFAULT_FONT" value="true" />
    <int name="KEYBOARD_MARGIN_COMPLETEDICTIONARY_right" value="0" />
    <int name="IME_LAST_VERSION" value="0" />
    <boolean name="TOTALLY_NEW_PACK" value="true" />
    <string name="FUNCTIONBAR_SETTINGS">voice:true/edit:true/hw_mask:true/twitter:true/sina_weibo:true/message_pal:false/dialer:false/typing_race:false/url_navigator:false/quick_switcher:false</string>
    <int name="LAST_NOTIFY_UPDATE" value="0" />
    <boolean name="IMPORT_SYS_USER_DIC_ENABLE" value="true" />
    <boolean name="CURVE_PREDICTION" value="true" />
    <boolean name="ARCTIC_CLOUD_INPUT_ENABLE" value="false" />
    <boolean name="AUTO_ADJUST_SPECIAL_KEYBOARD_SIZE_TOAST" value="false" />
    <int name="IME_CUR_VERSION" value="5774" />
    <boolean name="ONE_HANDED_LAYOUT" value="true" />
</map>